state_name,county_name,census_tract_geoid,census_tract_name,
Illinois,Adams County,17001000400,Census Tract 4,
Illinois,Adams County,17001000500,Census Tract 5,
Illinois,Adams County,17001000700,Census Tract 7,
Illinois,Adams County,17001000800,Census Tract 8,
Illinois,Alexander County,17003957900,Census Tract 9579,
Illinois,Bond County,17005951300,Census Tract 9513,
Illinois,Boone County,17007010100,Census Tract 101,
Illinois,Champaign County,17019000200,Census Tract 2,
Illinois,Champaign County,17019000700,Census Tract 7,
Illinois,Champaign County,17019000800,Census Tract 8,
Illinois,Champaign County,17019000901,Census Tract 9.01,
Illinois,Champaign County,17019005300,Census Tract 53,
Illinois,Champaign County,17019005600,Census Tract 56,
Illinois,Champaign County,17019005701,Census Tract 57.01,
Illinois,Coles County,17029000400,Census Tract 4,
Illinois,Coles County,17029001200,Census Tract 12,
Illinois,Cook County,17031010100,Census Tract 101,
Illinois,Cook County,17031010201,Census Tract 102.01,
Illinois,Cook County,17031010202,Census Tract 102.02,
Illinois,Cook County,17031010501,Census Tract 105.01,
Illinois,Cook County,17031020500,Census Tract 205,
Illinois,Cook County,17031020901,Census Tract 209.01,
Illinois,Cook County,17031030300,Census Tract 303,
Illinois,Cook County,17031031200,Census Tract 312,
Illinois,Cook County,17031031501,Census Tract 315.01,
Illinois,Cook County,17031031502,Census Tract 315.02,
Illinois,Cook County,17031031700,Census Tract 317,
Illinois,Cook County,17031080400,Census Tract 804,
Illinois,Cook County,17031081900,Census Tract 819,
Illinois,Cook County,17031140602,Census Tract 1406.02,
Illinois,Cook County,17031190100,Census Tract 1901,
Illinois,Cook County,17031190800,Census Tract 1908,
Illinois,Cook County,17031190900,Census Tract 1909,
Illinois,Cook County,17031191000,Census Tract 1910,
Illinois,Cook County,17031191100,Census Tract 1911,
Illinois,Cook County,17031191200,Census Tract 1912,
Illinois,Cook County,17031191301,Census Tract 1913.01,
Illinois,Cook County,17031191302,Census Tract 1913.02,
Illinois,Cook County,17031200200,Census Tract 2002,
Illinois,Cook County,17031200401,Census Tract 2004.01,
Illinois,Cook County,17031200402,Census Tract 2004.02,
Illinois,Cook County,17031210400,Census Tract 2104,
Illinois,Cook County,17031210602,Census Tract 2106.02,
Illinois,Cook County,17031220901,Census Tract 2209.01,
Illinois,Cook County,17031221000,Census Tract 2210,
Illinois,Cook County,17031222700,Census Tract 2227,
Illinois,Cook County,17031222900,Census Tract 2229,
Illinois,Cook County,17031230100,Census Tract 2301,
Illinois,Cook County,17031230200,Census Tract 2302,
Illinois,Cook County,17031230300,Census Tract 2303,
Illinois,Cook County,17031230400,Census Tract 2304,
Illinois,Cook County,17031230500,Census Tract 2305,
Illinois,Cook County,17031230600,Census Tract 2306,
Illinois,Cook County,17031230700,Census Tract 2307,
Illinois,Cook County,17031230800,Census Tract 2308,
Illinois,Cook County,17031230900,Census Tract 2309,
Illinois,Cook County,17031231100,Census Tract 2311,
Illinois,Cook County,17031231200,Census Tract 2312,
Illinois,Cook County,17031231500,Census Tract 2315,
Illinois,Cook County,17031240700,Census Tract 2407,
Illinois,Cook County,17031240800,Census Tract 2408,
Illinois,Cook County,17031240900,Census Tract 2409,
Illinois,Cook County,17031241000,Census Tract 2410,
Illinois,Cook County,17031241100,Census Tract 2411,
Illinois,Cook County,17031242700,Census Tract 2427,
Illinois,Cook County,17031250200,Census Tract 2502,
Illinois,Cook County,17031250300,Census Tract 2503,
Illinois,Cook County,17031250400,Census Tract 2504,
Illinois,Cook County,17031250600,Census Tract 2506,
Illinois,Cook County,17031250700,Census Tract 2507,
Illinois,Cook County,17031250800,Census Tract 2508,
Illinois,Cook County,17031251000,Census Tract 2510,
Illinois,Cook County,17031251100,Census Tract 2511,
Illinois,Cook County,17031251200,Census Tract 2512,
Illinois,Cook County,17031251300,Census Tract 2513,
Illinois,Cook County,17031251400,Census Tract 2514,
Illinois,Cook County,17031251500,Census Tract 2515,
Illinois,Cook County,17031251600,Census Tract 2516,
Illinois,Cook County,17031251700,Census Tract 2517,
Illinois,Cook County,17031251800,Census Tract 2518,
Illinois,Cook County,17031251900,Census Tract 2519,
Illinois,Cook County,17031252000,Census Tract 2520,
Illinois,Cook County,17031252101,Census Tract 2521.01,
Illinois,Cook County,17031252102,Census Tract 2521.02,
Illinois,Cook County,17031252201,Census Tract 2522.01,
Illinois,Cook County,17031252202,Census Tract 2522.02,
Illinois,Cook County,17031260100,Census Tract 2601,
Illinois,Cook County,17031260200,Census Tract 2602,
Illinois,Cook County,17031260300,Census Tract 2603,
Illinois,Cook County,17031260400,Census Tract 2604,
Illinois,Cook County,17031260500,Census Tract 2605,
Illinois,Cook County,17031260600,Census Tract 2606,
Illinois,Cook County,17031260700,Census Tract 2607,
Illinois,Cook County,17031260800,Census Tract 2608,
Illinois,Cook County,17031260900,Census Tract 2609,
Illinois,Cook County,17031261000,Census Tract 2610,
Illinois,Cook County,17031270500,Census Tract 2705,
Illinois,Cook County,17031271200,Census Tract 2712,
Illinois,Cook County,17031271300,Census Tract 2713,
Illinois,Cook County,17031271400,Census Tract 2714,
Illinois,Cook County,17031271500,Census Tract 2715,
Illinois,Cook County,17031271800,Census Tract 2718,
Illinois,Cook County,17031280400,Census Tract 2804,
Illinois,Cook County,17031280800,Census Tract 2808,
Illinois,Cook County,17031280900,Census Tract 2809,
Illinois,Cook County,17031282700,Census Tract 2827,
Illinois,Cook County,17031283200,Census Tract 2832,
Illinois,Cook County,17031283800,Census Tract 2838,
Illinois,Cook County,17031290900,Census Tract 2909,
Illinois,Cook County,17031291200,Census Tract 2912,
Illinois,Cook County,17031292200,Census Tract 2922,
Illinois,Cook County,17031292400,Census Tract 2924,
Illinois,Cook County,17031292500,Census Tract 2925,
Illinois,Cook County,17031300600,Census Tract 3006,
Illinois,Cook County,17031300700,Census Tract 3007,
Illinois,Cook County,17031300800,Census Tract 3008,
Illinois,Cook County,17031300900,Census Tract 3009,
Illinois,Cook County,17031301100,Census Tract 3011,
Illinois,Cook County,17031301200,Census Tract 3012,
Illinois,Cook County,17031301600,Census Tract 3016,
Illinois,Cook County,17031310300,Census Tract 3103,
Illinois,Cook County,17031310500,Census Tract 3105,
Illinois,Cook County,17031310600,Census Tract 3106,
Illinois,Cook County,17031310700,Census Tract 3107,
Illinois,Cook County,17031340600,Census Tract 3406,
Illinois,Cook County,17031350400,Census Tract 3504,
Illinois,Cook County,17031351100,Census Tract 3511,
Illinois,Cook County,17031351400,Census Tract 3514,
Illinois,Cook County,17031351500,Census Tract 3515,
Illinois,Cook County,17031360200,Census Tract 3602,
Illinois,Cook County,17031380100,Census Tract 3801,
Illinois,Cook County,17031380200,Census Tract 3802,
Illinois,Cook County,17031380500,Census Tract 3805,
Illinois,Cook County,17031380700,Census Tract 3807,
Illinois,Cook County,17031381200,Census Tract 3812,
Illinois,Cook County,17031381400,Census Tract 3814,
Illinois,Cook County,17031381500,Census Tract 3815,
Illinois,Cook County,17031381800,Census Tract 3818,
Illinois,Cook County,17031381900,Census Tract 3819,
Illinois,Cook County,17031390100,Census Tract 3901,
Illinois,Cook County,17031390200,Census Tract 3902,
Illinois,Cook County,17031390300,Census Tract 3903,
Illinois,Cook County,17031390400,Census Tract 3904,
Illinois,Cook County,17031390500,Census Tract 3905,
Illinois,Cook County,17031400300,Census Tract 4003,
Illinois,Cook County,17031400400,Census Tract 4004,
Illinois,Cook County,17031400500,Census Tract 4005,
Illinois,Cook County,17031400800,Census Tract 4008,
Illinois,Cook County,17031410500,Census Tract 4105,
Illinois,Cook County,17031420100,Census Tract 4201,
Illinois,Cook County,17031420200,Census Tract 4202,
Illinois,Cook County,17031420300,Census Tract 4203,
Illinois,Cook County,17031420400,Census Tract 4204,
Illinois,Cook County,17031420500,Census Tract 4205,
Illinois,Cook County,17031420600,Census Tract 4206,
Illinois,Cook County,17031420700,Census Tract 4207,
Illinois,Cook County,17031420800,Census Tract 4208,
Illinois,Cook County,17031421200,Census Tract 4212,
Illinois,Cook County,17031430101,Census Tract 4301.01,
Illinois,Cook County,17031430102,Census Tract 4301.02,
Illinois,Cook County,17031430200,Census Tract 4302,
Illinois,Cook County,17031430300,Census Tract 4303,
Illinois,Cook County,17031430400,Census Tract 4304,
Illinois,Cook County,17031430500,Census Tract 4305,
Illinois,Cook County,17031430600,Census Tract 4306,
Illinois,Cook County,17031430700,Census Tract 4307,
Illinois,Cook County,17031430800,Census Tract 4308,
Illinois,Cook County,17031430900,Census Tract 4309,
Illinois,Cook County,17031431200,Census Tract 4312,
Illinois,Cook County,17031431301,Census Tract 4313.01,
Illinois,Cook County,17031431302,Census Tract 4313.02,
Illinois,Cook County,17031431400,Census Tract 4314,
Illinois,Cook County,17031440101,Census Tract 4401.01,
Illinois,Cook County,17031440102,Census Tract 4401.02,
Illinois,Cook County,17031440201,Census Tract 4402.01,
Illinois,Cook County,17031440202,Census Tract 4402.02,
Illinois,Cook County,17031440300,Census Tract 4403,
Illinois,Cook County,17031440600,Census Tract 4406,
Illinois,Cook County,17031440700,Census Tract 4407,
Illinois,Cook County,17031440800,Census Tract 4408,
Illinois,Cook County,17031440900,Census Tract 4409,
Illinois,Cook County,17031450300,Census Tract 4503,
Illinois,Cook County,17031460100,Census Tract 4601,
Illinois,Cook County,17031460200,Census Tract 4602,
Illinois,Cook County,17031460301,Census Tract 4603.01,
Illinois,Cook County,17031460302,Census Tract 4603.02,
Illinois,Cook County,17031460400,Census Tract 4604,
Illinois,Cook County,17031460500,Census Tract 4605,
Illinois,Cook County,17031460600,Census Tract 4606,
Illinois,Cook County,17031460700,Census Tract 4607,
Illinois,Cook County,17031461000,Census Tract 4610,
Illinois,Cook County,17031470100,Census Tract 4701,
Illinois,Cook County,17031480100,Census Tract 4801,
Illinois,Cook County,17031480200,Census Tract 4802,
Illinois,Cook County,17031480300,Census Tract 4803,
Illinois,Cook County,17031480400,Census Tract 4804,
Illinois,Cook County,17031480500,Census Tract 4805,
Illinois,Cook County,17031490300,Census Tract 4903,
Illinois,Cook County,17031490400,Census Tract 4904,
Illinois,Cook County,17031490500,Census Tract 4905,
Illinois,Cook County,17031490600,Census Tract 4906,
Illinois,Cook County,17031490700,Census Tract 4907,
Illinois,Cook County,17031490800,Census Tract 4908,
Illinois,Cook County,17031490901,Census Tract 4909.01,
Illinois,Cook County,17031490902,Census Tract 4909.02,
Illinois,Cook County,17031491000,Census Tract 4910,
Illinois,Cook County,17031491100,Census Tract 4911,
Illinois,Cook County,17031491200,Census Tract 4912,
Illinois,Cook County,17031491300,Census Tract 4913,
Illinois,Cook County,17031491400,Census Tract 4914,
Illinois,Cook County,17031500100,Census Tract 5001,
Illinois,Cook County,17031500200,Census Tract 5002,
Illinois,Cook County,17031500300,Census Tract 5003,
Illinois,Cook County,17031510100,Census Tract 5101,
Illinois,Cook County,17031510200,Census Tract 5102,
Illinois,Cook County,17031510300,Census Tract 5103,
Illinois,Cook County,17031520100,Census Tract 5201,
Illinois,Cook County,17031520200,Census Tract 5202,
Illinois,Cook County,17031520300,Census Tract 5203,
Illinois,Cook County,17031530100,Census Tract 5301,
Illinois,Cook County,17031530200,Census Tract 5302,
Illinois,Cook County,17031530300,Census Tract 5303,
Illinois,Cook County,17031530400,Census Tract 5304,
Illinois,Cook County,17031530501,Census Tract 5305.01,
Illinois,Cook County,17031530502,Census Tract 5305.02,
Illinois,Cook County,17031530503,Census Tract 5305.03,
Illinois,Cook County,17031530600,Census Tract 5306,
Illinois,Cook County,17031540101,Census Tract 5401.01,
Illinois,Cook County,17031540102,Census Tract 5401.02,
Illinois,Cook County,17031560200,Census Tract 5602,
Illinois,Cook County,17031580100,Census Tract 5801,
Illinois,Cook County,17031580200,Census Tract 5802,
Illinois,Cook County,17031580300,Census Tract 5803,
Illinois,Cook County,17031580501,Census Tract 5805.01,
Illinois,Cook County,17031580600,Census Tract 5806,
Illinois,Cook County,17031580800,Census Tract 5808,
Illinois,Cook County,17031590500,Census Tract 5905,
Illinois,Cook County,17031590600,Census Tract 5906,
Illinois,Cook County,17031610300,Census Tract 6103,
Illinois,Cook County,17031610400,Census Tract 6104,
Illinois,Cook County,17031611000,Census Tract 6110,
Illinois,Cook County,17031611100,Census Tract 6111,
Illinois,Cook County,17031611200,Census Tract 6112,
Illinois,Cook County,17031611300,Census Tract 6113,
Illinois,Cook County,17031611400,Census Tract 6114,
Illinois,Cook County,17031611500,Census Tract 6115,
Illinois,Cook County,17031611600,Census Tract 6116,
Illinois,Cook County,17031611700,Census Tract 6117,
Illinois,Cook County,17031611800,Census Tract 6118,
Illinois,Cook County,17031611900,Census Tract 6119,
Illinois,Cook County,17031612000,Census Tract 6120,
Illinois,Cook County,17031612100,Census Tract 6121,
Illinois,Cook County,17031630100,Census Tract 6301,
Illinois,Cook County,17031630200,Census Tract 6302,
Illinois,Cook County,17031630300,Census Tract 6303,
Illinois,Cook County,17031630400,Census Tract 6304,
Illinois,Cook County,17031630500,Census Tract 6305,
Illinois,Cook County,17031640800,Census Tract 6408,
Illinois,Cook County,17031650100,Census Tract 6501,
Illinois,Cook County,17031660301,Census Tract 6603.01,
Illinois,Cook County,17031660302,Census Tract 6603.02,
Illinois,Cook County,17031660400,Census Tract 6604,
Illinois,Cook County,17031660500,Census Tract 6605,
Illinois,Cook County,17031660600,Census Tract 6606,
Illinois,Cook County,17031660700,Census Tract 6607,
Illinois,Cook County,17031660800,Census Tract 6608,
Illinois,Cook County,17031660900,Census Tract 6609,
Illinois,Cook County,17031661000,Census Tract 6610,
Illinois,Cook County,17031661100,Census Tract 6611,
Illinois,Cook County,17031670100,Census Tract 6701,
Illinois,Cook County,17031670200,Census Tract 6702,
Illinois,Cook County,17031670300,Census Tract 6703,
Illinois,Cook County,17031670400,Census Tract 6704,
Illinois,Cook County,17031670500,Census Tract 6705,
Illinois,Cook County,17031670600,Census Tract 6706,
Illinois,Cook County,17031670700,Census Tract 6707,
Illinois,Cook County,17031670800,Census Tract 6708,
Illinois,Cook County,17031670900,Census Tract 6709,
Illinois,Cook County,17031671100,Census Tract 6711,
Illinois,Cook County,17031671200,Census Tract 6712,
Illinois,Cook County,17031671300,Census Tract 6713,
Illinois,Cook County,17031671400,Census Tract 6714,
Illinois,Cook County,17031671500,Census Tract 6715,
Illinois,Cook County,17031671600,Census Tract 6716,
Illinois,Cook County,17031671800,Census Tract 6718,
Illinois,Cook County,17031671900,Census Tract 6719,
Illinois,Cook County,17031672000,Census Tract 6720,
Illinois,Cook County,17031680500,Census Tract 6805,
Illinois,Cook County,17031680600,Census Tract 6806,
Illinois,Cook County,17031680900,Census Tract 6809,
Illinois,Cook County,17031681000,Census Tract 6810,
Illinois,Cook County,17031681100,Census Tract 6811,
Illinois,Cook County,17031681200,Census Tract 6812,
Illinois,Cook County,17031681300,Census Tract 6813,
Illinois,Cook County,17031681400,Census Tract 6814,
Illinois,Cook County,17031690300,Census Tract 6903,
Illinois,Cook County,17031690400,Census Tract 6904,
Illinois,Cook County,17031690500,Census Tract 6905,
Illinois,Cook County,17031690900,Census Tract 6909,
Illinois,Cook County,17031691000,Census Tract 6910,
Illinois,Cook County,17031691100,Census Tract 6911,
Illinois,Cook County,17031691200,Census Tract 6912,
Illinois,Cook County,17031691300,Census Tract 6913,
Illinois,Cook County,17031691400,Census Tract 6914,
Illinois,Cook County,17031691500,Census Tract 6915,
Illinois,Cook County,17031700100,Census Tract 7001,
Illinois,Cook County,17031700401,Census Tract 7004.01,
Illinois,Cook County,17031700402,Census Tract 7004.02,
Illinois,Cook County,17031700502,Census Tract 7005.02,
Illinois,Cook County,17031710100,Census Tract 7101,
Illinois,Cook County,17031710200,Census Tract 7102,
Illinois,Cook County,17031710300,Census Tract 7103,
Illinois,Cook County,17031710400,Census Tract 7104,
Illinois,Cook County,17031710500,Census Tract 7105,
Illinois,Cook County,17031710600,Census Tract 7106,
Illinois,Cook County,17031710700,Census Tract 7107,
Illinois,Cook County,17031710800,Census Tract 7108,
Illinois,Cook County,17031710900,Census Tract 7109,
Illinois,Cook County,17031711000,Census Tract 7110,
Illinois,Cook County,17031711100,Census Tract 7111,
Illinois,Cook County,17031711200,Census Tract 7112,
Illinois,Cook County,17031711300,Census Tract 7113,
Illinois,Cook County,17031711400,Census Tract 7114,
Illinois,Cook County,17031711500,Census Tract 7115,
Illinois,Cook County,17031730100,Census Tract 7301,
Illinois,Cook County,17031730201,Census Tract 7302.01,
Illinois,Cook County,17031730202,Census Tract 7302.02,
Illinois,Cook County,17031730300,Census Tract 7303,
Illinois,Cook County,17031730400,Census Tract 7304,
Illinois,Cook County,17031730500,Census Tract 7305,
Illinois,Cook County,17031730600,Census Tract 7306,
Illinois,Cook County,17031730700,Census Tract 7307,
Illinois,Cook County,17031750100,Census Tract 7501,
Illinois,Cook County,17031750500,Census Tract 7505,
Illinois,Cook County,17031750600,Census Tract 7506,
Illinois,Cook County,17031804405,Census Tract 8044.05,
Illinois,Cook County,17031804508,Census Tract 8045.08,
Illinois,Cook County,17031809200,Census Tract 8092,
Illinois,Cook County,17031811302,Census Tract 8113.02,
Illinois,Cook County,17031813301,Census Tract 8133.01,
Illinois,Cook County,17031813302,Census Tract 8133.02,
Illinois,Cook County,17031813701,Census Tract 8137.01,
Illinois,Cook County,17031813900,Census Tract 8139,
Illinois,Cook County,17031814200,Census Tract 8142,
Illinois,Cook County,17031814300,Census Tract 8143,
Illinois,Cook County,17031816900,Census Tract 8169,
Illinois,Cook County,17031817000,Census Tract 8170,
Illinois,Cook County,17031817101,Census Tract 8171.01,
Illinois,Cook County,17031817102,Census Tract 8171.02,
Illinois,Cook County,17031817200,Census Tract 8172,
Illinois,Cook County,17031817300,Census Tract 8173,
Illinois,Cook County,17031817500,Census Tract 8175,
Illinois,Cook County,17031817600,Census Tract 8176,
Illinois,Cook County,17031817700,Census Tract 8177,
Illinois,Cook County,17031817900,Census Tract 8179,
Illinois,Cook County,17031818000,Census Tract 8180,
Illinois,Cook County,17031820400,Census Tract 8204,
Illinois,Cook County,17031820605,Census Tract 8206.05,
Illinois,Cook County,17031821200,Census Tract 8212,
Illinois,Cook County,17031821300,Census Tract 8213,
Illinois,Cook County,17031821401,Census Tract 8214.01,
Illinois,Cook County,17031821402,Census Tract 8214.02,
Illinois,Cook County,17031821500,Census Tract 8215,
Illinois,Cook County,17031823603,Census Tract 8236.03,
Illinois,Cook County,17031824300,Census Tract 8243,
Illinois,Cook County,17031824800,Census Tract 8248,
Illinois,Cook County,17031824900,Census Tract 8249,
Illinois,Cook County,17031825501,Census Tract 8255.01,
Illinois,Cook County,17031825504,Census Tract 8255.04,
Illinois,Cook County,17031825505,Census Tract 8255.05,
Illinois,Cook County,17031825600,Census Tract 8256,
Illinois,Cook County,17031825700,Census Tract 8257,
Illinois,Cook County,17031825801,Census Tract 8258.01,
Illinois,Cook County,17031825802,Census Tract 8258.02,
Illinois,Cook County,17031825803,Census Tract 8258.03,
Illinois,Cook County,17031825900,Census Tract 8259,
Illinois,Cook County,17031826000,Census Tract 8260,
Illinois,Cook County,17031826100,Census Tract 8261,
Illinois,Cook County,17031826201,Census Tract 8262.01,
Illinois,Cook County,17031826202,Census Tract 8262.02,
Illinois,Cook County,17031826301,Census Tract 8263.01,
Illinois,Cook County,17031826303,Census Tract 8263.03,
Illinois,Cook County,17031826304,Census Tract 8263.04,
Illinois,Cook County,17031826401,Census Tract 8264.01,
Illinois,Cook County,17031826402,Census Tract 8264.02,
Illinois,Cook County,17031826500,Census Tract 8265,
Illinois,Cook County,17031826600,Census Tract 8266,
Illinois,Cook County,17031826700,Census Tract 8267,
Illinois,Cook County,17031826800,Census Tract 8268,
Illinois,Cook County,17031826901,Census Tract 8269.01,
Illinois,Cook County,17031826902,Census Tract 8269.02,
Illinois,Cook County,17031827000,Census Tract 8270,
Illinois,Cook County,17031827100,Census Tract 8271,
Illinois,Cook County,17031827200,Census Tract 8272,
Illinois,Cook County,17031827300,Census Tract 8273,
Illinois,Cook County,17031827400,Census Tract 8274,
Illinois,Cook County,17031827500,Census Tract 8275,
Illinois,Cook County,17031827600,Census Tract 8276,
Illinois,Cook County,17031827700,Census Tract 8277,
Illinois,Cook County,17031827801,Census Tract 8278.01,
Illinois,Cook County,17031827805,Census Tract 8278.05,
Illinois,Cook County,17031827901,Census Tract 8279.01,
Illinois,Cook County,17031827902,Census Tract 8279.02,
Illinois,Cook County,17031828000,Census Tract 8280,
Illinois,Cook County,17031828100,Census Tract 8281,
Illinois,Cook County,17031828503,Census Tract 8285.03,
Illinois,Cook County,17031828504,Census Tract 8285.04,
Illinois,Cook County,17031828506,Census Tract 8285.06,
Illinois,Cook County,17031828900,Census Tract 8289,
Illinois,Cook County,17031829000,Census Tract 8290,
Illinois,Cook County,17031829100,Census Tract 8291,
Illinois,Cook County,17031829200,Census Tract 8292,
Illinois,Cook County,17031829301,Census Tract 8293.01,
Illinois,Cook County,17031829302,Census Tract 8293.02,
Illinois,Cook County,17031829401,Census Tract 8294.01,
Illinois,Cook County,17031829402,Census Tract 8294.02,
Illinois,Cook County,17031829500,Census Tract 8295,
Illinois,Cook County,17031829700,Census Tract 8297,
Illinois,Cook County,17031829902,Census Tract 8299.02,
Illinois,Cook County,17031830003,Census Tract 8300.03,
Illinois,Cook County,17031830100,Census Tract 8301,
Illinois,Cook County,17031830201,Census Tract 8302.01,
Illinois,Cook County,17031830202,Census Tract 8302.02,
Illinois,Cook County,17031830300,Census Tract 8303,
Illinois,Cook County,17031830500,Census Tract 8305,
Illinois,Cook County,17031830600,Census Tract 8306,
Illinois,Cook County,17031830700,Census Tract 8307,
Illinois,Cook County,17031831200,Census Tract 8312,
Illinois,Cook County,17031831300,Census Tract 8313,
Illinois,Cook County,17031831400,Census Tract 8314,
Illinois,Cook County,17031833900,Census Tract 8339,
Illinois,Cook County,17031834000,Census Tract 8340,
Illinois,Cook County,17031834200,Census Tract 8342,
Illinois,Cook County,17031834300,Census Tract 8343,
Illinois,Cook County,17031834400,Census Tract 8344,
Illinois,Cook County,17031834500,Census Tract 8345,
Illinois,Cook County,17031834600,Census Tract 8346,
Illinois,Cook County,17031834700,Census Tract 8347,
Illinois,Cook County,17031834800,Census Tract 8348,
Illinois,Cook County,17031834900,Census Tract 8349,
Illinois,Cook County,17031835000,Census Tract 8350,
Illinois,Cook County,17031835100,Census Tract 8351,
Illinois,Cook County,17031835500,Census Tract 8355,
Illinois,Cook County,17031835600,Census Tract 8356,
Illinois,Cook County,17031835800,Census Tract 8358,
Illinois,Cook County,17031835900,Census Tract 8359,
Illinois,Cook County,17031836000,Census Tract 8360,
Illinois,Cook County,17031836100,Census Tract 8361,
Illinois,Cook County,17031836400,Census Tract 8364,
Illinois,Cook County,17031836500,Census Tract 8365,
Illinois,Cook County,17031836600,Census Tract 8366,
Illinois,Cook County,17031836700,Census Tract 8367,
Illinois,Cook County,17031836800,Census Tract 8368,
Illinois,Cook County,17031836900,Census Tract 8369,
Illinois,Cook County,17031837000,Census Tract 8370,
Illinois,Cook County,17031837100,Census Tract 8371,
Illinois,Cook County,17031837300,Census Tract 8373,
Illinois,Cook County,17031837400,Census Tract 8374,
Illinois,Cook County,17031837800,Census Tract 8378,
Illinois,Cook County,17031838000,Census Tract 8380,
Illinois,Cook County,17031838100,Census Tract 8381,
Illinois,Cook County,17031838300,Census Tract 8383,
Illinois,Cook County,17031838600,Census Tract 8386,
Illinois,Cook County,17031838700,Census Tract 8387,
Illinois,Cook County,17031838800,Census Tract 8388,
Illinois,Cook County,17031839200,Census Tract 8392,
Illinois,Cook County,17031839500,Census Tract 8395,
Illinois,Cook County,17031840300,Census Tract 8403,
Illinois,Cook County,17031840400,Census Tract 8404,
Illinois,Cook County,17031840700,Census Tract 8407,
Illinois,Cook County,17031840800,Census Tract 8408,
Illinois,Cook County,17031841000,Census Tract 8410,
Illinois,Cook County,17031841200,Census Tract 8412,
Illinois,Cook County,17031841300,Census Tract 8413,
Illinois,Cook County,17031841400,Census Tract 8414,
Illinois,Cook County,17031841500,Census Tract 8415,
Illinois,Cook County,17031841600,Census Tract 8416,
Illinois,Cook County,17031841700,Census Tract 8417,
Illinois,Cook County,17031841800,Census Tract 8418,
Illinois,Cook County,17031841900,Census Tract 8419,
Illinois,Cook County,17031842100,Census Tract 8421,
Illinois,Cook County,17031842400,Census Tract 8424,
Illinois,Cook County,17031842500,Census Tract 8425,
Illinois,Cook County,17031842600,Census Tract 8426,
Illinois,Cook County,17031842800,Census Tract 8428,
Illinois,Cook County,17031842900,Census Tract 8429,
Illinois,Cook County,17031843000,Census Tract 8430,
Illinois,Cook County,17031843100,Census Tract 8431,
Illinois,Cook County,17031843200,Census Tract 8432,
Illinois,Cook County,17031843300,Census Tract 8433,
Illinois,Cook County,17031843400,Census Tract 8434,
Illinois,Cook County,17031843500,Census Tract 8435,
Illinois,Cook County,17031843600,Census Tract 8436,
Illinois,Cook County,17031843800,Census Tract 8438,
Illinois,Cook County,17031843900,Census Tract 8439,
Illinois,Crawford County,17033880400,Census Tract 8804,
Illinois,De Witt County,17039971800,Census Tract 9718,
Illinois,DeKalb County,17037001001,Census Tract 10.01,
Illinois,DeKalb County,17037001300,Census Tract 13,
Illinois,DuPage County,17043841108,Census Tract 8411.08,
Illinois,DuPage County,17043842604,Census Tract 8426.04,
Illinois,Edgar County,17045070300,Census Tract 703,
Illinois,Effingham County,17049950800,Census Tract 9508,
Illinois,Fayette County,17051950500,Census Tract 9505,
Illinois,Fayette County,17051950900,Census Tract 9509,
Illinois,Franklin County,17055040600,Census Tract 406,
Illinois,Fulton County,17057953400,Census Tract 9534,
Illinois,Greene County,17061973700,Census Tract 9737,
Illinois,Henry County,17073030600,Census Tract 306,
Illinois,Jackson County,17077010700,Census Tract 107,
Illinois,Jackson County,17077010900,Census Tract 109,
Illinois,Jackson County,17077011200,Census Tract 112,
Illinois,Jefferson County,17081050900,Census Tract 509,
Illinois,Jefferson County,17081051000,Census Tract 510,
Illinois,Jefferson County,17081051100,Census Tract 511,
Illinois,Jersey County,17083010100,Census Tract 101,
Illinois,Kane County,17089850301,Census Tract 8503.01,
Illinois,Kane County,17089850800,Census Tract 8508,
Illinois,Kane County,17089851301,Census Tract 8513.01,
Illinois,Kane County,17089851302,Census Tract 8513.02,
Illinois,Kane County,17089851400,Census Tract 8514,
Illinois,Kane County,17089852904,Census Tract 8529.04,
Illinois,Kane County,17089852905,Census Tract 8529.05,
Illinois,Kane County,17089853007,Census Tract 8530.07,
Illinois,Kane County,17089853200,Census Tract 8532,
Illinois,Kane County,17089853600,Census Tract 8536,
Illinois,Kane County,17089854002,Census Tract 8540.02,
Illinois,Kane County,17089854100,Census Tract 8541,
Illinois,Kane County,17089854200,Census Tract 8542,
Illinois,Kane County,17089854600,Census Tract 8546,
Illinois,Kane County,17089854700,Census Tract 8547,
Illinois,Kankakee County,17091011000,Census Tract 110,
Illinois,Kankakee County,17091011400,Census Tract 114,
Illinois,Kankakee County,17091011500,Census Tract 115,
Illinois,Kankakee County,17091011600,Census Tract 116,
Illinois,Kankakee County,17091011700,Census Tract 117,
Illinois,Kankakee County,17091012300,Census Tract 123,
Illinois,Kankakee County,17091012400,Census Tract 124,
Illinois,Knox County,17095000700,Census Tract 7,
Illinois,Knox County,17095000900,Census Tract 9,
Illinois,Knox County,17095001000,Census Tract 10,
Illinois,Knox County,17095001100,Census Tract 11,
Illinois,Lake County,17097860200,Census Tract 8602,
Illinois,Lake County,17097860301,Census Tract 8603.01,
Illinois,Lake County,17097860302,Census Tract 8603.02,
Illinois,Lake County,17097860500,Census Tract 8605,
Illinois,Lake County,17097862000,Census Tract 8620,
Illinois,Lake County,17097862100,Census Tract 8621,
Illinois,Lake County,17097862200,Census Tract 8622,
Illinois,Lake County,17097862300,Census Tract 8623,
Illinois,Lake County,17097862401,Census Tract 8624.01,
Illinois,Lake County,17097862502,Census Tract 8625.02,
Illinois,Lake County,17097862605,Census Tract 8626.05,
Illinois,Lake County,17097862700,Census Tract 8627,
Illinois,Lake County,17097862800,Census Tract 8628,
Illinois,Lake County,17097862901,Census Tract 8629.01,
Illinois,Lake County,17097862902,Census Tract 8629.02,
Illinois,Lake County,17097863100,Census Tract 8631,
Illinois,Lake County,17097863201,Census Tract 8632.01,
Illinois,Lake County,17097866100,Census Tract 8661,
Illinois,LaSalle County,17099962600,Census Tract 9626,
Illinois,LaSalle County,17099963300,Census Tract 9633,
Illinois,LaSalle County,17099964200,Census Tract 9642,
Illinois,LaSalle County,17099964300,Census Tract 9643,
Illinois,Lee County,17103000600,Census Tract 6,
Illinois,Livingston County,17105960500,Census Tract 9605,
Illinois,Livingston County,17105960600,Census Tract 9606,
Illinois,Logan County,17107953200,Census Tract 9532,
Illinois,Logan County,17107953300,Census Tract 9533,
Illinois,Macon County,17115000200,Census Tract 2,
Illinois,Macon County,17115000300,Census Tract 3,
Illinois,Macon County,17115000400,Census Tract 4,
Illinois,Macon County,17115000500,Census Tract 5,
Illinois,Macon County,17115000600,Census Tract 6,
Illinois,Macon County,17115000900,Census Tract 9,
Illinois,Macon County,17115001000,Census Tract 10,
Illinois,Macon County,17115001200,Census Tract 12,
Illinois,Macon County,17115001900,Census Tract 19,
Illinois,Macon County,17115002000,Census Tract 20,
Illinois,Macon County,17115002100,Census Tract 21,
Illinois,Macon County,17115002903,Census Tract 29.03,
Illinois,Macon County,17115003100,Census Tract 31,
Illinois,Macoupin County,17117956400,Census Tract 9564,
Illinois,Madison County,17119400102,Census Tract 4001.02,
Illinois,Madison County,17119400600,Census Tract 4006,
Illinois,Madison County,17119400700,Census Tract 4007,
Illinois,Madison County,17119401400,Census Tract 4014,
Illinois,Madison County,17119401500,Census Tract 4015,
Illinois,Madison County,17119401701,Census Tract 4017.01,
Illinois,Madison County,17119402100,Census Tract 4021,
Illinois,Madison County,17119402200,Census Tract 4022,
Illinois,Madison County,17119402400,Census Tract 4024,
Illinois,Madison County,17119402500,Census Tract 4025,
Illinois,Madison County,17119402600,Census Tract 4026,
Illinois,Madison County,17119403200,Census Tract 4032,
Illinois,Madison County,17119403402,Census Tract 4034.02,
Illinois,Madison County,17119404000,Census Tract 4040,
Illinois,Marion County,17121951800,Census Tract 9518,
Illinois,Marion County,17121952600,Census Tract 9526,
Illinois,Marion County,17121952700,Census Tract 9527,
Illinois,Mason County,17125956500,Census Tract 9565,
Illinois,McDonough County,17109010600,Census Tract 106,
Illinois,McLean County,17113000102,Census Tract 1.02,
Illinois,McLean County,17113000301,Census Tract 3.01,
Illinois,McLean County,17113000400,Census Tract 4,
Illinois,McLean County,17113000501,Census Tract 5.01,
Illinois,McLean County,17113001301,Census Tract 13.01,
Illinois,McLean County,17113001303,Census Tract 13.03,
Illinois,McLean County,17113001403,Census Tract 14.03,
Illinois,McLean County,17113001404,Census Tract 14.04,
Illinois,McLean County,17113001500,Census Tract 15,
Illinois,McLean County,17113001600,Census Tract 16,
Illinois,McLean County,17113001700,Census Tract 17,
Illinois,McLean County,17113005900,Census Tract 59,
Illinois,Montgomery County,17135957900,Census Tract 9579,
Illinois,Morgan County,17137951600,Census Tract 9516,
Illinois,Morgan County,17137951700,Census Tract 9517,
Illinois,Ogle County,17141961600,Census Tract 9616,
Illinois,Peoria County,17143000100,Census Tract 1,
Illinois,Peoria County,17143000200,Census Tract 2,
Illinois,Peoria County,17143000300,Census Tract 3,
Illinois,Peoria County,17143000500,Census Tract 5,
Illinois,Peoria County,17143000600,Census Tract 6,
Illinois,Peoria County,17143000900,Census Tract 9,
Illinois,Peoria County,17143001200,Census Tract 12,
Illinois,Peoria County,17143001300,Census Tract 13,
Illinois,Peoria County,17143001500,Census Tract 15,
Illinois,Peoria County,17143001600,Census Tract 16,
Illinois,Peoria County,17143001800,Census Tract 18,
Illinois,Peoria County,17143002100,Census Tract 21,
Illinois,Peoria County,17143002200,Census Tract 22,
Illinois,Peoria County,17143002400,Census Tract 24,
Illinois,Peoria County,17143002500,Census Tract 25,
Illinois,Peoria County,17143002701,Census Tract 27.01,
Illinois,Peoria County,17143002702,Census Tract 27.02,
Illinois,Peoria County,17143004102,Census Tract 41.02,
Illinois,Peoria County,17143005000,Census Tract 50,
Illinois,Pulaski County,17153971100,Census Tract 9711,
Illinois,Richland County,17159978000,Census Tract 9780,
Illinois,Rock Island County,17161020600,Census Tract 206,
Illinois,Rock Island County,17161020700,Census Tract 207,
Illinois,Rock Island County,17161022600,Census Tract 226,
Illinois,Rock Island County,17161023300,Census Tract 233,
Illinois,Rock Island County,17161023500,Census Tract 235,
Illinois,Rock Island County,17161023600,Census Tract 236,
Illinois,Rock Island County,17161023700,Census Tract 237,
Illinois,Rock Island County,17161024400,Census Tract 244,
Illinois,Rock Island County,17161024500,Census Tract 245,
Illinois,Saline County,17165955800,Census Tract 9558,
Illinois,Saline County,17165955900,Census Tract 9559,
Illinois,Saline County,17165956000,Census Tract 9560,
Illinois,Sangamon County,17167000100,Census Tract 1,
Illinois,Sangamon County,17167000202,Census Tract 2.02,
Illinois,Sangamon County,17167000300,Census Tract 3,
Illinois,Sangamon County,17167000400,Census Tract 4,
Illinois,Sangamon County,17167000503,Census Tract 5.03,
Illinois,Sangamon County,17167000504,Census Tract 5.04,
Illinois,Sangamon County,17167000600,Census Tract 6,
Illinois,Sangamon County,17167000700,Census Tract 7,
Illinois,Sangamon County,17167000800,Census Tract 8,
Illinois,Sangamon County,17167000900,Census Tract 9,
Illinois,Sangamon County,17167001300,Census Tract 13,
Illinois,Sangamon County,17167001500,Census Tract 15,
Illinois,Sangamon County,17167001600,Census Tract 16,
Illinois,Sangamon County,17167001700,Census Tract 17,
Illinois,Sangamon County,17167001800,Census Tract 18,
Illinois,Sangamon County,17167001900,Census Tract 19,
Illinois,Sangamon County,17167002300,Census Tract 23,
Illinois,Sangamon County,17167002400,Census Tract 24,
Illinois,Sangamon County,17167002500,Census Tract 25,
Illinois,Sangamon County,17167002600,Census Tract 26,
Illinois,Sangamon County,17167002700,Census Tract 27,
Illinois,Sangamon County,17167002801,Census Tract 28.01,
Illinois,Sangamon County,17167003801,Census Tract 38.01,
Illinois,Scott County,17171970600,Census Tract 9706,
Illinois,St. Clair County,17163500400,Census Tract 5004,
Illinois,St. Clair County,17163500500,Census Tract 5005,
Illinois,St. Clair County,17163500900,Census Tract 5009,
Illinois,St. Clair County,17163501100,Census Tract 5011,
Illinois,St. Clair County,17163501200,Census Tract 5012,
Illinois,St. Clair County,17163501300,Census Tract 5013,
Illinois,St. Clair County,17163501400,Census Tract 5014,
Illinois,St. Clair County,17163501502,Census Tract 5015.02,
Illinois,St. Clair County,17163501700,Census Tract 5017,
Illinois,St. Clair County,17163502200,Census Tract 5022,
Illinois,St. Clair County,17163502401,Census Tract 5024.01,
Illinois,St. Clair County,17163502404,Census Tract 5024.04,
Illinois,St. Clair County,17163502500,Census Tract 5025,
Illinois,St. Clair County,17163502602,Census Tract 5026.02,
Illinois,St. Clair County,17163502603,Census Tract 5026.03,
Illinois,St. Clair County,17163502700,Census Tract 5027,
Illinois,St. Clair County,17163502800,Census Tract 5028,
Illinois,St. Clair County,17163502900,Census Tract 5029,
Illinois,St. Clair County,17163504500,Census Tract 5045,
Illinois,St. Clair County,17163504600,Census Tract 5046,
Illinois,Stephenson County,17177000700,Census Tract 7,
Illinois,Stephenson County,17177000800,Census Tract 8,
Illinois,Stephenson County,17177001200,Census Tract 12,
Illinois,Stephenson County,17177001300,Census Tract 13,
Illinois,Tazewell County,17179020800,Census Tract 208,
Illinois,Tazewell County,17179020900,Census Tract 209,
Illinois,Vermilion County,17183000100,Census Tract 1,
Illinois,Vermilion County,17183000200,Census Tract 2,
Illinois,Vermilion County,17183000300,Census Tract 3,
Illinois,Vermilion County,17183000400,Census Tract 4,
Illinois,Vermilion County,17183000500,Census Tract 5,
Illinois,Vermilion County,17183000600,Census Tract 6,
Illinois,Vermilion County,17183010701,Census Tract 107.01,
Illinois,Vermilion County,17183011200,Census Tract 112,
Illinois,Warren County,17187870500,Census Tract 8705,
Illinois,White County,17193958000,Census Tract 9580,
Illinois,Whiteside County,17195001000,Census Tract 10,
Illinois,Will County,17197880106,Census Tract 8801.06,
Illinois,Will County,17197880702,Census Tract 8807.02,
Illinois,Will County,17197880903,Census Tract 8809.03,
Illinois,Will County,17197881200,Census Tract 8812,
Illinois,Will County,17197881401,Census Tract 8814.01,
Illinois,Will County,17197881604,Census Tract 8816.04,
Illinois,Will County,17197881800,Census Tract 8818,
Illinois,Will County,17197881900,Census Tract 8819,
Illinois,Will County,17197882000,Census Tract 8820,
Illinois,Will County,17197882100,Census Tract 8821,
Illinois,Will County,17197882200,Census Tract 8822,
Illinois,Will County,17197882300,Census Tract 8823,
Illinois,Will County,17197882400,Census Tract 8824,
Illinois,Will County,17197882500,Census Tract 8825,
Illinois,Will County,17197882602,Census Tract 8826.02,
Illinois,Will County,17197882802,Census Tract 8828.02,
Illinois,Will County,17197883100,Census Tract 8831,
Illinois,Will County,17197883603,Census Tract 8836.03,
Illinois,Will County,17197883605,Census Tract 8836.05,
Illinois,Will County,17197883700,Census Tract 8837,
Illinois,Will County,17197980100,Census Tract 9801,
Illinois,Williamson County,17199020400,Census Tract 204,
Illinois,Williamson County,17199021000,Census Tract 210,
Illinois,Williamson County,17199021100,Census Tract 211,
Illinois,Winnebago County,17201000103,Census Tract 1.03,
Illinois,Winnebago County,17201000200,Census Tract 2,
Illinois,Winnebago County,17201000502,Census Tract 5.02,
Illinois,Winnebago County,17201000800,Census Tract 8,
Illinois,Winnebago County,17201001000,Census Tract 10,
Illinois,Winnebago County,17201001100,Census Tract 11,
Illinois,Winnebago County,17201001200,Census Tract 12,
Illinois,Winnebago County,17201001300,Census Tract 13,
Illinois,Winnebago County,17201001400,Census Tract 14,
Illinois,Winnebago County,17201001700,Census Tract 17,
Illinois,Winnebago County,17201001800,Census Tract 18,
Illinois,Winnebago County,17201002000,Census Tract 20,
Illinois,Winnebago County,17201002100,Census Tract 21,
Illinois,Winnebago County,17201002200,Census Tract 22,
Illinois,Winnebago County,17201002301,Census Tract 23.01,
Illinois,Winnebago County,17201002302,Census Tract 23.02,
Illinois,Winnebago County,17201002400,Census Tract 24,
Illinois,Winnebago County,17201002500,Census Tract 25,
Illinois,Winnebago County,17201002600,Census Tract 26,
Illinois,Winnebago County,17201002700,Census Tract 27,
Illinois,Winnebago County,17201002800,Census Tract 28,
Illinois,Winnebago County,17201002900,Census Tract 29,
Illinois,Winnebago County,17201003100,Census Tract 31,
Illinois,Winnebago County,17201003200,Census Tract 32,
Illinois,Winnebago County,17201003300,Census Tract 33,
Illinois,Winnebago County,17201003400,Census Tract 34,
Illinois,Winnebago County,17201003601,Census Tract 36.01,
Illinois,Winnebago County,17201003602,Census Tract 36.02,
Illinois,Winnebago County,17201003606,Census Tract 36.06,
Illinois,Winnebago County,17201003708,Census Tract 37.08,
Illinois,Winnebago County,17201003709,Census Tract 37.09,
,,,,
"For more information about census tracts, please visit the U.S. Census Bureau website at www.census.gov",,,,
